term,df,sumsq,meansq,statistic,p.value
Loc,15,24753.444285244408,1650.2296190162938,30.343105062987274,1.0857896306691018e-63
Residuals,597,32468.235551623402,54.385654190323955,NA,NA
